RollNo,Name,Dept,Sec,Gender,Type,Category,Sub_1,S1_GP,S1_C,S1_Staff,Sub_2,S2_GP,S2_C,S2_Staff,Sub_3,S3_GP,S3_C,S3_Staff,Sub_4,S4_GP,S4_C,S4_Staff,Sub_5,S5_GP,S5_C,S5_Staff,Sub_6,S6_GP,S6_C,S6_Staff,Lab_1,L1_GP,L1_C,L1_Staff,Lab_2,L2_GP,L2_C,L2_Staff,Tot_Credit,Result
1000,Abinaya.L,CSE,A,Female,Hostel,Topper,O,10,4,Ramesh.A,O,10,4,Rama.A,O,10,3,Jennifer.A,A,9,3,Prakash.K,A,9,3,Keerthy.A,A,9,3,Sam.R,O,10,2,Sam.R,O,10,2,Keerthy.A,24,PASS
1001,Abitha.R,CSE,A,Female,Dayscholar,Average,B,8,4,Ramesh.A,A,9,4,Rama.A,U,0,3,Jennifer.A,C,7,3,Prakash.K,C,7,3,Keerthy.A,E,5,3,Sam.R,O,10,2,Sam.R,O,10,2,Keerthy.A,24,FAIL
1002,Ajay.M,CSE,A,Male,Hostel,Topper,O,10,4,Ramesh.A,A,9,4,Rama.A,A,9,3,Jennifer.A,A,9,3,Prakash.K,A,9,3,Keerthy.A,A,9,3,Sam.R,O,10,2,Sam.R,O,10,2,Keerthy.A,24,PASS
1003,Ajitha.K,CSE,A,Female,Dayscholar,Average,B,8,4,Ramesh.A,A,9,4,Rama.A,A,9,3,Jennifer.A,C,7,3,Prakash.K,C,7,3,Keerthy.A,E,5,3,Sam.R,O,10,2,Sam.R,O,10,2,Keerthy.A,24,PASS
1004,Bala.C,CSE,A,Male,Hostel,Average,B,8,4,Ramesh.A,A,9,4,Rama.A,D,6,3,Jennifer.A,C,7,3,Prakash.K,C,7,3,Keerthy.A,D,6,3,Sam.R,O,10,2,Sam.R,O,10,2,Keerthy.A,24,PASS
1005,Caterine.J,CSE,A,Female,Dayscholar,Average,B,8,4,Ramesh.A,A,9,4,Rama.A,B,8,3,Jennifer.A,C,7,3,Prakash.K,C,7,3,Keerthy.A,D,6,3,Sam.R,O,10,2,Sam.R,O,10,2,Keerthy.A,24,PASS
1006,Danny.I,CSE,A,Male,Hostel,Weak,U,0,4,Ramesh.A,B,8,4,Rama.A,C,7,3,Jennifer.A,U,0,3,Prakash.K,D,6,3,Keerthy.A,D,6,3,Sam.R,A,9,2,Sam.R,B,8,2,Keerthy.A,24,FAIL
1007,Deva.D,CSE,A,Male,Dayscholar,Average,B,8,4,Ramesh.A,B,8,4,Rama.A,C,7,3,Jennifer.A,B,8,3,Prakash.K,C,7,3,Keerthy.A,D,6,3,Sam.R,O,10,2,Sam.R,O,10,2,Keerthy.A,24,PASS
1008,Devi.P,CSE,A,Female,Hostel,Weak,C,7,4,Ramesh.A,U,0,4,Rama.A,C,7,3,Jennifer.A,D,6,3,Prakash.K,D,6,3,Keerthy.A,D,6,3,Sam.R,A,9,2,Sam.R,A,9,2,Keerthy.A,24,FAIL
1009,Dhivya.R,CSE,A,Female,Dayscholar,Average,B,8,4,Ramesh.A,B,8,4,Rama.A,U,0,3,Jennifer.A,B,8,3,Prakash.K,C,7,3,Keerthy.A,A,9,3,Sam.R,O,10,2,Sam.R,A,9,2,Keerthy.A,24,FAIL
1010,Francis.K,CSE,A,Male,Hostel,Weak,D,6,4,Ramesh.A,U,0,4,Rama.A,C,7,3,Jennifer.A,D,6,3,Prakash.K,D,6,3,Keerthy.A,D,6,3,Sam.R,A,9,2,Sam.R,B,8,2,Keerthy.A,24,FAIL
1011,Harish.P,CSE,A,Male,Dayscholar,Topper,O,10,4,Ramesh.A,A,9,4,Rama.A,A,9,3,Jennifer.A,A,9,3,Prakash.K,A,9,3,Keerthy.A,A,9,3,Sam.R,O,10,2,Sam.R,O,10,2,Keerthy.A,24,PASS
1012,Harsha.R,CSE,A,Male,Hostel,Weak,E,5,4,Ramesh.A,U,0,4,Rama.A,C,7,3,Jennifer.A,D,6,3,Prakash.K,D,6,3,Keerthy.A,D,6,3,Sam.R,A,9,2,Sam.R,A,9,2,Keerthy.A,24,FAIL
1013,Helen.R,CSE,A,Female,Dayscholar,Weak,U,0,4,Ramesh.A,D,6,4,Rama.A,C,7,3,Jennifer.A,D,6,3,Prakash.K,D,6,3,Keerthy.A,E,5,3,Sam.R,B,8,2,Sam.R,C,7,2,Keerthy.A,24,FAIL
1014,Hema.M,CSE,A,Female,Hostel,Weak,B,8,4,Ramesh.A,U,0,4,Rama.A,D,6,3,Jennifer.A,D,6,3,Prakash.K,D,6,3,Keerthy.A,E,5,3,Sam.R,B,8,2,Sam.R,A,9,2,Keerthy.A,24,FAIL
1015,Hemamalini.K,CSE,A,Female,Dayscholar,Topper,O,10,4,Ramesh.A,A,9,4,Rama.A,A,9,3,Jennifer.A,A,9,3,Prakash.K,A,9,3,Keerthy.A,A,9,3,Sam.R,O,10,2,Sam.R,O,10,2,Keerthy.A,24,PASS
1016,Jaffer.R,CSE,A,Male,Hostel,Weak,U,0,4,Ramesh.A,E,5,4,Rama.A,D,6,3,Jennifer.A,D,6,3,Prakash.K,D,6,3,Keerthy.A,E,5,3,Sam.R,A,9,2,Sam.R,B,8,2,Keerthy.A,24,FAIL
1017,James.I,CSE,A,Male,Dayscholar,Topper,O,10,4,Ramesh.A,A,9,4,Rama.A,A,9,3,Jennifer.A,A,9,3,Prakash.K,A,9,3,Keerthy.A,A,9,3,Sam.R,O,10,2,Sam.R,O,10,2,Keerthy.A,24,PASS
1018,Latha.R,CSE,A,Female,Hostel,Weak,E,5,4,Ramesh.A,U,0,4,Rama.A,D,6,3,Jennifer.A,E,5,3,Prakash.K,B,8,3,Keerthy.A,E,5,3,Sam.R,A,9,2,Sam.R,B,8,2,Keerthy.A,24,FAIL
1019,Lavanya.A,CSE,A,Female,Dayscholar,Weak,E,5,4,Ramesh.A,U,0,4,Rama.A,D,6,3,Jennifer.A,E,5,3,Prakash.K,C,7,3,Keerthy.A,E,5,3,Sam.R,C,7,2,Sam.R,A,9,2,Keerthy.A,24,FAIL
1020,Magesh.M,CSE,A,Male,Hostel,Average,B,8,4,Ramesh.A,B,8,4,Rama.A,B,8,3,Jennifer.A,B,8,3,Prakash.K,C,7,3,Keerthy.A,A,9,3,Sam.R,O,10,2,Sam.R,A,9,2,Keerthy.A,24,PASS
1021,Mohan.N,CSE,A,Male,Dayscholar,Average,B,8,4,Ramesh.A,B,8,4,Rama.A,B,8,3,Jennifer.A,B,8,3,Prakash.K,U,0,3,Keerthy.A,A,9,3,Sam.R,O,10,2,Sam.R,A,9,2,Keerthy.A,24,FAIL
1022,Nancy.R,CSE,A,Female,Hostel,Average,B,8,4,Ramesh.A,B,8,4,Rama.A,B,8,3,Jennifer.A,B,8,3,Prakash.K,U,0,3,Keerthy.A,B,8,3,Sam.R,A,9,2,Sam.R,A,9,2,Keerthy.A,24,FAIL
1023,Nisha.E,CSE,A,Female,Dayscholar,Topper,O,10,4,Ramesh.A,A,9,4,Rama.A,A,9,3,Jennifer.A,B,8,3,Prakash.K,A,9,3,Keerthy.A,A,9,3,Sam.R,O,10,2,Sam.R,O,10,2,Keerthy.A,24,PASS
1024,Prabhu.S,CSE,A,Male,Hostel,Average,B,8,4,Ramesh.A,C,7,4,Rama.A,U,0,3,Jennifer.A,B,8,3,Prakash.K,U,0,3,Keerthy.A,B,8,3,Sam.R,O,10,2,Sam.R,A,9,2,Keerthy.A,24,FAIL
1025,Princy.C,CSE,A,Female,Dayscholar,Weak,E,5,4,Ramesh.A,U,0,4,Rama.A,D,6,3,Jennifer.A,E,5,3,Prakash.K,C,7,3,Keerthy.A,E,5,3,Sam.R,A,9,2,Sam.R,B,8,2,Keerthy.A,24,FAIL
1026,Priya.M,CSE,A,Female,Hostel,Average,B,8,4,Ramesh.A,C,7,4,Rama.A,U,0,3,Jennifer.A,B,8,3,Prakash.K,U,0,3,Keerthy.A,B,8,3,Sam.R,O,10,2,Sam.R,A,9,2,Keerthy.A,24,FAIL
1027,Radhika.L,CSE,A,Female,Dayscholar,Weak,E,5,4,Ramesh.A,C,7,4,Rama.A,E,5,3,Jennifer.A,E,5,3,Prakash.K,U,0,3,Keerthy.A,E,5,3,Sam.R,B,8,2,Sam.R,B,8,2,Keerthy.A,24,FAIL
1028,Ramyakannan.D,CSE,A,Female,Hostel,Topper,O,10,4,Ramesh.A,A,9,4,Rama.A,O,10,3,Jennifer.A,B,8,3,Prakash.K,A,9,3,Keerthy.A,A,9,3,Sam.R,O,10,2,Sam.R,O,10,2,Keerthy.A,24,PASS
1029,Satya.Y,CSE,A,Female,Dayscholar,Weak,C,7,4,Ramesh.A,C,7,4,Rama.A,E,5,3,Jennifer.A,E,5,3,Prakash.K,U,0,3,Keerthy.A,E,5,3,Sam.R,A,9,2,Sam.R,B,8,2,Keerthy.A,24,FAIL
1030,Akash.A,CSE,B,Male,Dayscholar,Average,B,8,4,KAMALA.R,C,7,4,BALA.C,A,9,3,FATHIMA.K,B,8,3,SHERIN.C,C,7,3,HEMA.A,B,8,3,MADAVAN.K,O,10,2,MADAVAN.K,A,9,2,HEMA.A,24,PASS
1031,Anand.K,CSE,B,Male,Hostel,Weak,C,7,4,KAMALA.R,D,6,4,BALA.C,E,5,3,FATHIMA.K,C,7,3,SHERIN.C,U,0,3,HEMA.A,B,8,3,MADAVAN.K,A,9,2,MADAVAN.K,B,8,2,HEMA.A,24,FAIL
1032,Anju.R,CSE,B,Female,Dayscholar,Average,B,8,4,KAMALA.R,C,7,4,BALA.C,B,8,3,FATHIMA.K,B,8,3,SHERIN.C,C,7,3,HEMA.A,B,8,3,MADAVAN.K,O,10,2,MADAVAN.K,A,9,2,HEMA.A,24,PASS
1033,Anwar.K,CSE,B,Male,Hostel,Weak,U,0,4,KAMALA.R,U,0,4,BALA.C,U,0,3,FATHIMA.K,U,0,3,SHERIN.C,U,0,3,HEMA.A,B,8,3,MADAVAN.K,A,9,2,MADAVAN.K,B,8,2,HEMA.A,24,FAIL
1034,Azhar.A,CSE,B,Male,Dayscholar,Average,U,0,4,KAMALA.R,U,0,4,BALA.C,U,0,3,FATHIMA.K,U,0,3,SHERIN.C,U,0,3,HEMA.A,U,0,3,MADAVAN.K,O,10,2,MADAVAN.K,A,9,2,HEMA.A,24,FAIL
1035,Bhavi.D,CSE,B,Female,Hostel,Topper,A,9,4,KAMALA.R,A,9,4,BALA.C,O,10,3,FATHIMA.K,O,10,3,SHERIN.C,A,9,3,HEMA.A,B,8,3,MADAVAN.K,O,10,2,MADAVAN.K,O,10,2,HEMA.A,24,PASS
1036,Dhena.C,CSE,B,Male,Dayscholar,Average,U,0,4,KAMALA.R,U,0,4,BALA.C,U,0,3,FATHIMA.K,U,0,3,SHERIN.C,U,0,3,HEMA.A,U,0,3,MADAVAN.K,O,10,2,MADAVAN.K,A,9,2,HEMA.A,24,FAIL
1037,Diwakar.K,CSE,B,Male,Hostel,Weak,C,7,4,KAMALA.R,C,7,4,BALA.C,E,5,3,FATHIMA.K,C,7,3,SHERIN.C,U,0,3,HEMA.A,B,8,3,MADAVAN.K,A,9,2,MADAVAN.K,A,9,2,HEMA.A,24,FAIL
1038,Gokul.R,CSE,B,Male,Dayscholar,Weak,C,7,4,KAMALA.R,E,5,4,BALA.C,E,5,3,FATHIMA.K,C,7,3,SHERIN.C,U,0,3,HEMA.A,B,8,3,MADAVAN.K,A,9,2,MADAVAN.K,A,9,2,HEMA.A,24,FAIL
1039,Harini.R,CSE,B,Female,Hostel,Average,C,7,4,KAMALA.R,C,7,4,BALA.C,U,0,3,FATHIMA.K,U,0,3,SHERIN.C,U,0,3,HEMA.A,C,7,3,MADAVAN.K,A,9,2,MADAVAN.K,O,10,2,HEMA.A,24,FAIL
1040,Hemanth.G,CSE,B,Male,Dayscholar,Weak,B,8,4,KAMALA.R,E,5,4,BALA.C,U,0,3,FATHIMA.K,C,7,3,SHERIN.C,D,6,3,HEMA.A,D,6,3,MADAVAN.K,A,9,2,MADAVAN.K,A,9,2,HEMA.A,24,FAIL
1041,Karthika Devi.R,CSE,B,Female,Hostel,Topper,A,9,4,KAMALA.R,A,9,4,BALA.C,O,10,3,FATHIMA.K,O,10,3,SHERIN.C,A,9,3,HEMA.A,B,8,3,MADAVAN.K,O,10,2,MADAVAN.K,O,10,2,HEMA.A,24,PASS
1042,Manju.R,CSE,B,Female,Hostel,Weak,B,8,4,KAMALA.R,E,5,4,BALA.C,U,0,3,FATHIMA.K,C,7,3,SHERIN.C,D,6,3,HEMA.A,D,6,3,MADAVAN.K,A,9,2,MADAVAN.K,B,8,2,HEMA.A,24,FAIL
1043,Mehareen.V,CSE,B,Female,Hostel,Weak,B,8,4,KAMALA.R,U,0,4,BALA.C,U,0,3,FATHIMA.K,C,7,3,SHERIN.C,D,6,3,HEMA.A,D,6,3,MADAVAN.K,B,8,2,MADAVAN.K,A,9,2,HEMA.A,24,FAIL
1044,Nagalakshmi.E,CSE,B,Female,Dayscholar,Weak,U,0,4,KAMALA.R,U,0,4,BALA.C,U,0,3,FATHIMA.K,U,0,3,SHERIN.C,D,6,3,HEMA.A,U,0,3,MADAVAN.K,B,8,2,MADAVAN.K,A,9,2,HEMA.A,24,FAIL
1045,Partha.D,CSE,B,Male,Hostel,Average,C,7,4,KAMALA.R,C,7,4,BALA.C,B,8,3,FATHIMA.K,U,0,3,SHERIN.C,U,0,3,HEMA.A,U,0,3,MADAVAN.K,A,9,2,MADAVAN.K,O,10,2,HEMA.A,24,FAIL
1046,Payal.L,CSE,B,Female,Hostel,Average,C,7,4,KAMALA.R,U,0,4,BALA.C,B,7,3,FATHIMA.K,U,0,3,SHERIN.C,C,7,3,HEMA.A,C,7,3,MADAVAN.K,A,9,2,MADAVAN.K,O,10,2,HEMA.A,24,FAIL
1047,Preethi.P,CSE,B,Female,Dayscholar,Average,C,7,4,KAMALA.R,D,6,4,BALA.C,B,8,3,FATHIMA.K,C,7,3,SHERIN.C,C,7,3,HEMA.A,C,7,3,MADAVAN.K,A,9,2,MADAVAN.K,O,10,2,HEMA.A,24,PASS
1048,Seema.R,CSE,B,Female,Hostel,Average,C,7,4,KAMALA.R,D,6,4,BALA.C,B,8,3,FATHIMA.K,C,7,3,SHERIN.C,C,7,3,HEMA.A,C,7,3,MADAVAN.K,A,9,2,MADAVAN.K,O,10,2,HEMA.A,24,PASS
1049,Sheha.O,CSE,B,Female,Hostel,Average,C,7,4,KAMALA.R,D,6,4,BALA.C,A,9,3,FATHIMA.K,C,7,3,SHERIN.C,C,7,3,HEMA.A,C,7,3,MADAVAN.K,A,9,2,MADAVAN.K,A,9,2,HEMA.A,24,PASS
1050,Stella.R,CSE,B,Female,Hostel,Average,D,6,4,KAMALA.R,B,8,4,BALA.C,A,9,3,FATHIMA.K,C,7,3,SHERIN.C,C,7,3,HEMA.A,C,7,3,MADAVAN.K,A,9,2,MADAVAN.K,A,9,2,HEMA.A,24,PASS
1051,Steve.I,CSE,B,Male,Dayscholar,Weak,D,6,4,KAMALA.R,E,5,4,BALA.C,U,0,3,FATHIMA.K,C,7,3,SHERIN.C,D,6,3,HEMA.A,D,6,3,MADAVAN.K,B,8,2,MADAVAN.K,B,8,2,HEMA.A,24,FAIL
1052,Subramaniyan.R,CSE,B,Male,Hostel,Weak,D,6,4,KAMALA.R,E,5,4,BALA.C,U,0,3,FATHIMA.K,C,7,3,SHERIN.C,D,6,3,HEMA.A,D,6,3,MADAVAN.K,B,8,2,MADAVAN.K,B,8,2,HEMA.A,24,FAIL
1053,Thangaraj.R,CSE,B,Male,Dayscholar,Topper,A,9,4,KAMALA.R,A,9,4,BALA.C,O,10,3,FATHIMA.K,O,10,3,SHERIN.C,O,10,3,HEMA.A,A,9,3,MADAVAN.K,O,10,2,MADAVAN.K,O,10,2,HEMA.A,24,PASS
1054,Thiyagaraj.V,CSE,B,Male,Hostel,Weak,D,6,4,KAMALA.R,E,5,4,BALA.C,U,0,3,FATHIMA.K,C,7,3,SHERIN.C,D,6,3,HEMA.A,D,6,3,MADAVAN.K,B,8,2,MADAVAN.K,A,9,2,HEMA.A,24,FAIL
1055,Venkat.G,CSE,B,Male,Dayscholar,Average,U,0,4,KAMALA.R,B,8,4,BALA.C,C,7,3,FATHIMA.K,C,7,3,SHERIN.C,C,7,3,HEMA.A,C,7,3,MADAVAN.K,A,9,2,MADAVAN.K,O,10,2,HEMA.A,24,FAIL
1056,Vidhyalakshmi.M,CSE,B,Female,Hostel,Topper,A,9,4,KAMALA.R,A,9,4,BALA.C,O,10,3,FATHIMA.K,O,10,3,SHERIN.C,O,10,3,HEMA.A,A,9,3,MADAVAN.K,O,10,2,MADAVAN.K,O,10,2,HEMA.A,24,PASS
1057,Vimali.H,CSE,B,Female,Dayscholar,Weak,D,6,4,KAMALA.R,D,6,4,BALA.C,E,5,3,FATHIMA.K,E,5,3,SHERIN.C,D,6,3,HEMA.A,C,7,3,MADAVAN.K,B,8,2,MADAVAN.K,A,9,2,HEMA.A,24,PASS
1058,Vinotha.R,CSE,B,Female,Dayscholar,Average,U,0,4,KAMALA.R,B,8,4,BALA.C,A,9,3,FATHIMA.K,C,7,3,SHERIN.C,C,7,3,HEMA.A,C,7,3,MADAVAN.K,A,9,2,MADAVAN.K,A,9,2,HEMA.A,24,FAIL
1059,Vishnu.R,CSE,B,Male,Dayscholar,Topper,A,9,4,KAMALA.R,A,9,4,BALA.C,O,10,3,FATHIMA.K,A,9,3,SHERIN.C,O,10,3,HEMA.A,A,9,3,MADAVAN.K,O,10,2,MADAVAN.K,O,10,2,HEMA.A,24,PASS
