RollNo,Name,Dept,Sec,Gender,Type,Category,Sub_1,S1_Staff,Sub_2,S2_Staff,Sub_3,S3_Staff,Sub_4,S4_Staff,Sub_5,S5_Staff,Sub_6,S6_Staff,Lab_1,L1_Staff,Lab_2,L2_Staff,Result
1000,Abinaya.L,CSE,A,Female,Hostel,Topper,,,,,,,,,,,,,,,,,
1001,Abitha.R,CSE,A,Female,Dayscholar,Average,,,,,,,,,,,,,,,,,
1002,Ajay.M,CSE,A,Male,Hostel,Topper,,,,,,,,,,,,,,,,,
1003,Ajitha.K,CSE,A,Female,Dayscholar,Average,,,,,,,,,,,,,,,,,
1004,Bala.C,CSE,A,Male,Hostel,Average,,,,,,,,,,,,,,,,,
1005,Caterine.J,CSE,A,Female,Dayscholar,Average,,,,,,,,,,,,,,,,,
1006,Danny.I,CSE,A,Male,Hostel,Weak,,,,,,,,,,,,,,,,,
1007,Deva.D,CSE,A,Male,Dayscholar,Average,,,,,,,,,,,,,,,,,
1008,Devi.P,CSE,A,Female,Hostel,Weak,,,,,,,,,,,,,,,,,
1009,Dhivya.R,CSE,A,Female,Dayscholar,Average,,,,,,,,,,,,,,,,,
1010,Francis.K,CSE,A,Male,Hostel,Weak,,,,,,,,,,,,,,,,,
1011,Harish.P,CSE,A,Male,Dayscholar,Topper,,,,,,,,,,,,,,,,,
1012,Harsha.R,CSE,A,Male,Hostel,Weak,,,,,,,,,,,,,,,,,
1013,Helen.R,CSE,A,Female,Dayscholar,Weak,,,,,,,,,,,,,,,,,
1014,Hema.M,CSE,A,Female,Hostel,Weak,,,,,,,,,,,,,,,,,
1015,Hemamalini.K,CSE,A,Female,Dayscholar,Topper,,,,,,,,,,,,,,,,,
1016,Jaffer.R,CSE,A,Male,Hostel,Weak,,,,,,,,,,,,,,,,,
1017,James.I,CSE,A,Male,Dayscholar,Topper,,,,,,,,,,,,,,,,,
1018,Latha.R,CSE,A,Female,Hostel,Weak,,,,,,,,,,,,,,,,,
1019,Lavanya.A,CSE,A,Female,Dayscholar,Weak,,,,,,,,,,,,,,,,,
1020,Magesh.M,CSE,A,Male,Hostel,Average,,,,,,,,,,,,,,,,,
1021,Mohan.N,CSE,A,Male,Dayscholar,Average,,,,,,,,,,,,,,,,,
1022,Nancy.R,CSE,A,Female,Hostel,Average,,,,,,,,,,,,,,,,,
1023,Nisha.E,CSE,A,Female,Dayscholar,Topper,,,,,,,,,,,,,,,,,
1024,Prabhu.S,CSE,A,Male,Hostel,Average,,,,,,,,,,,,,,,,,
1025,Princy.C,CSE,A,Female,Dayscholar,Weak,,,,,,,,,,,,,,,,,
1026,Priya.M,CSE,A,Female,Hostel,Average,,,,,,,,,,,,,,,,,
1027,Radhika.L,CSE,A,Female,Dayscholar,Weak,,,,,,,,,,,,,,,,,
1028,Ramyakannan.D,CSE,A,Female,Hostel,Topper,,,,,,,,,,,,,,,,,
1029,Satya.Y,CSE,A,Female,Dayscholar,Weak,,,,,,,,,,,,,,,,,
