Oderno,Status,Book,City
1,Completed,A,Chennai
2,Completed,B,Chennai
3,Completed,C,Chennai
4,Completed,D,Chennai
5,Completed,E,Chennai
6,Completed,F_1,Chennai
7,Completed,F_2,Chennai
8,Completed,F_3,Chennai
9,Completed,F_4,Chennai
10,Completed,F_5,Chennai
11,Completed,F_6,Chennai
12,Completed,F_7,Chennai
13,Completed,F_8,Chennai
14,Completed,F_9,Chennai
15,Completed,F_10,Chennai
16,Completed,F_11,Chennai
17,Completed,F_12,Chennai
18,Completed,F_13,Chennai
19,Completed,F_14,Chennai
20,Completed,F_15,Chennai
21,Completed,F_16,Chennai
22,Completed,F_17,Chennai
23,Completed,F_18,Chennai
24,Completed,F_19,Chennai
25,Completed,F_20,Chennai
26,Completed,F_21,Chennai
27,Completed,F_22,Chennai
28,Completed,F_23,Chennai
29,Completed,F_24,Chennai
30,Completed,F_25,Chennai
31,Completed,F_26,Chennai
32,Completed,F_27,Chennai
33,Completed,F_28,Chennai
34,Completed,F_29,Chennai
35,Completed,F_30,Chennai
36,Completed,F_31,Chennai
37,Completed,F_32,Chennai
38,Completed,F_33,Chennai
39,Completed,F_34,Chennai
40,Completed,F_35,Chennai
41,Completed,F_36,Chennai
42,Completed,F_37,Chennai
43,Completed,F_38,Chennai
44,Completed,F_39,Chennai
45,Completed,F_40,Chennai
46,Completed,F_41,Chennai
47,Completed,F_42,Chennai
48,Completed,F_43,Trichy
49,Completed,F_44,Trichy
50,Completed,F_45,Trichy
51,Completed,F_46,Trichy
52,Completed,F_47,Trichy
53,Completed,F_48,Trichy
54,Completed,F_49,Trichy
55,Completed,F_50,Trichy
56,Completed,F_51,Trichy
57,Completed,F_52,Trichy
58,Completed,F_53,Trichy
59,Completed,F_54,Trichy
60,Completed,F_55,Trichy
61,Completed,F_56,Trichy
62,Completed,F_57,Trichy
63,Completed,F_58,Trichy
64,Completed,F_59,Trichy
65,Completed,F_60,Trichy
66,Completed,F_61,Trichy
67,Completed,F_62,Trichy
68,Completed,F_63,Trichy
69,Completed,F_64,Trichy
70,Completed,F_65,Trichy
71,Completed,F_66,Trichy
72,Completed,F_67,Trichy
73,Completed,F_68,Trichy
74,Completed,F_69,Trichy
75,Completed,F_70,Trichy
76,Completed,F_71,Trichy
77,Completed,F_72,Trichy
78,Completed,F_73,Trichy
79,Completed,F_74,Trichy
80,Completed,F_75,Trichy
81,Completed,F_76,Trichy
82,Completed,F_77,Trichy
83,Completed,F_78,Trichy
84,Completed,F_79,Coimbatore
85,Completed,F_80,Coimbatore
86,Completed,F_81,Coimbatore
87,Completed,F_82,Coimbatore
88,Completed,F_83,Coimbatore
89,Completed,F_84,Coimbatore
90,Completed,F_85,Coimbatore
91,Completed,F_86,Coimbatore
92,Completed,F_87,Coimbatore
93,Completed,F_88,Coimbatore
94,Completed,F_89,Coimbatore
95,Completed,F_90,Coimbatore
96,Completed,F_91,Coimbatore
97,Completed,F_92,Coimbatore
98,Completed,F_93,Coimbatore
99,Completed,F_94,Coimbatore
100,Completed,F_95,Coimbatore
101,Completed,F_96,Coimbatore
102,Completed,F_97,Coimbatore
103,Completed,F_98,Coimbatore
104,Completed,F_99,Coimbatore
105,Completed,F_100,Coimbatore
106,Completed,F_101,Coimbatore
107,Completed,F_102,Coimbatore
108,Completed,F_103,Coimbatore
109,Completed,F_104,Coimbatore
110,Completed,F_105,Coimbatore
111,Completed,F_106,Coimbatore
112,Completed,F_107,Coimbatore
113,Completed,F_108,Coimbatore
114,Completed,F_109,Coimbatore
115,Completed,F_110,Coimbatore
116,Completed,F_111,Coimbatore
117,Completed,F_112,Coimbatore
118,Completed,F_113,Coimbatore
119,Completed,F_114,Coimbatore
120,Completed,F_115,Coimbatore
121,Completed,F_116,Coimbatore
122,Completed,F_117,Coimbatore
123,Completed,F_118,Coimbatore
124,Completed,F_119,Coimbatore
125,Completed,F_120,Coimbatore
126,Completed,F_121,Coimbatore
127,Completed,F_122,Coimbatore
128,Completed,F_123,Coimbatore
129,Completed,F_124,Coimbatore
130,Completed,F_125,Coimbatore
131,Completed,F_126,Coimbatore
132,Completed,F_127,Coimbatore
133,Completed,F_128,Coimbatore
134,Completed,F_129,Coimbatore
135,Completed,F_130,Coimbatore
136,Completed,F_131,Coimbatore
137,Completed,F_132,Coimbatore
138,Completed,F_133,Coimbatore
139,Completed,F_134,Coimbatore
140,Completed,F_135,Coimbatore
141,Completed,F_136,Coimbatore
142,Completed,F_137,Coimbatore
143,Completed,F_138,Coimbatore
144,Completed,F_139,Coimbatore
145,Completed,F_140,Coimbatore
146,Completed,F_141,Coimbatore
147,Completed,F_142,Coimbatore
148,Completed,F_143,Coimbatore
149,Completed,F_144,Coimbatore
150,Completed,F_145,Coimbatore
151,Completed,F_146,Coimbatore
152,Completed,F_147,Coimbatore
153,Completed,F_148,Coimbatore
154,Completed,F_149,Coimbatore
155,Completed,F_150,Coimbatore
156,Completed,F_151,Coimbatore
157,Completed,F_152,Coimbatore
158,Completed,F_153,Coimbatore
159,Completed,F_154,Coimbatore
160,Completed,F_155,Coimbatore
161,Completed,F_156,Coimbatore
162,Completed,F_157,Coimbatore
163,Completed,F_158,Coimbatore
164,Completed,F_159,Coimbatore
165,Completed,F_160,Coimbatore
166,Completed,F_161,Coimbatore
167,Completed,F_162,Coimbatore
168,Completed,F_163,Coimbatore
169,Completed,F_164,Coimbatore
170,Completed,F_165,Coimbatore
171,Completed,F_166,Coimbatore
172,Completed,F_167,Coimbatore
173,Completed,F_168,Coimbatore
174,Completed,F_169,Coimbatore
175,Completed,F_170,Coimbatore
176,Completed,F_171,Coimbatore
177,Completed,F_172,Coimbatore
178,Completed,F_173,Coimbatore
179,Completed,F_174,Coimbatore
180,Completed,F_175,Coimbatore
181,Completed,F_176,Coimbatore
182,Completed,F_177,Coimbatore
183,Completed,F_178,Coimbatore
184,Completed,F_179,Coimbatore
185,Completed,F_180,Coimbatore
186,Completed,F_181,Coimbatore
187,Completed,F_182,Coimbatore
188,Completed,F_183,Coimbatore
189,Completed,F_184,Coimbatore
190,Completed,F_185,Coimbatore
191,Completed,F_186,Coimbatore
192,Completed,F_187,Coimbatore
193,Completed,F_188,Coimbatore
194,Completed,F_189,Coimbatore
195,Completed,F_190,Coimbatore
196,Completed,F_191,Coimbatore
197,Completed,F_192,Coimbatore
198,Completed,F_193,Coimbatore
199,Completed,F_194,Coimbatore
200,Completed,F_195,Coimbatore
201,Completed,F_196,Coimbatore
202,Completed,F_197,Coimbatore
203,Completed,F_198,Coimbatore
204,Completed,F_199,Coimbatore
205,Completed,F_200,Coimbatore
206,Completed,F_201,Coimbatore
207,Completed,F_202,Coimbatore
208,Completed,F_203,Coimbatore
209,Completed,F_204,Coimbatore
210,Completed,F_205,Coimbatore
211,Completed,F_206,Coimbatore
212,Completed,F_207,Coimbatore
213,Completed,F_208,Coimbatore
214,Completed,F_209,Coimbatore
215,Completed,F_210,Coimbatore
216,Completed,F_211,Coimbatore
217,Completed,F_212,Coimbatore
218,Completed,F_213,Coimbatore
219,Completed,F_214,Coimbatore
220,Completed,F_215,Coimbatore
221,Completed,F_216,Coimbatore
222,Completed,F_217,Coimbatore
223,Completed,F_218,Coimbatore
224,Completed,F_219,Coimbatore
225,Completed,F_220,Coimbatore
226,Completed,F_221,Coimbatore
227,Completed,F_222,Coimbatore
228,Completed,F_223,Coimbatore
229,Completed,F_224,Coimbatore
230,Completed,F_225,Coimbatore
231,Completed,F_226,Coimbatore
232,Completed,F_227,Coimbatore
233,Completed,F_228,Coimbatore
234,Completed,F_229,Coimbatore
235,Completed,F_230,Coimbatore
236,Completed,F_231,Coimbatore
237,Completed,F_232,Coimbatore
238,Completed,F_233,Coimbatore
239,Completed,F_234,Coimbatore
240,Completed,F_235,Coimbatore
241,Completed,F_236,Coimbatore
242,Completed,F_237,Coimbatore
243,Completed,F_238,Coimbatore
244,Completed,F_239,Coimbatore
245,Completed,F_240,Coimbatore
246,Completed,F_241,Coimbatore
247,Completed,F_242,Coimbatore
248,Completed,F_243,Coimbatore
249,Completed,F_244,Coimbatore
250,Completed,F_245,Coimbatore
251,Completed,F_246,Coimbatore
252,Completed,F_247,Coimbatore
253,Completed,F_248,Coimbatore
254,Completed,F_249,Coimbatore
255,Completed,F_250,Coimbatore
256,Completed,F_251,Coimbatore
257,Completed,F_252,Coimbatore
258,Completed,F_253,Coimbatore
259,Completed,F_254,Madurai
260,Completed,F_255,Madurai
261,Completed,F_256,Madurai
262,Completed,F_257,Madurai
263,Completed,F_258,Madurai
264,Completed,F_259,Madurai
265,Completed,F_260,Madurai
266,Completed,F_261,Madurai
267,Completed,F_262,Madurai
268,Completed,F_263,Madurai
269,Completed,F_264,Madurai
270,Completed,F_265,Madurai
271,Completed,F_266,Madurai
272,Completed,F_267,Madurai
273,Completed,F_268,Madurai
274,Completed,F_269,Madurai
275,Completed,F_270,Madurai
276,Completed,F_271,Madurai
277,Completed,F_272,Madurai
278,Completed,F_273,Madurai
279,Completed,F_274,Madurai
280,Completed,F_275,Madurai
281,Completed,F_276,Madurai
282,Completed,F_277,Madurai
283,Completed,F_278,Madurai
284,Completed,F_279,Madurai
285,Completed,F_280,Madurai
286,Completed,F_281,Madurai
287,Completed,F_282,Madurai
288,Completed,F_283,Madurai
289,Completed,F_284,Madurai
290,Completed,F_285,Madurai
291,Completed,F_286,Madurai
292,Completed,F_287,Madurai
293,Completed,F_288,Madurai
294,Completed,F_289,Madurai
295,Completed,F_290,Madurai
296,Completed,F_291,Madurai
297,Completed,F_292,Madurai
298,Completed,F_293,Madurai
299,Completed,F_294,Madurai
300,Completed,F_295,Madurai
301,Completed,F_296,Madurai
302,Completed,F_297,Madurai
303,Completed,F_298,Madurai
304,Completed,F_299,Madurai
305,Completed,F_300,Madurai
306,Completed,F_301,Madurai
307,Completed,F_302,Madurai
308,Completed,F_303,Madurai
309,Completed,F_304,Madurai
310,Completed,F_305,Madurai
311,Completed,F_306,Madurai
312,Completed,F_307,Madurai
313,Completed,F_308,Madurai
314,Completed,F_309,Madurai
315,Completed,F_310,Madurai
316,Completed,F_311,Madurai
317,Completed,F_312,Madurai
318,Completed,F_313,Madurai
319,Completed,F_314,Madurai
320,Completed,F_315,Madurai
321,Completed,F_316,Madurai
322,Completed,F_317,Madurai
323,Completed,F_318,Madurai
324,Completed,F_319,Madurai
325,Completed,F_320,Madurai
326,Completed,F_321,Madurai
327,Completed,F_322,Madurai
328,Completed,F_323,Madurai
329,Completed,F_324,Madurai
330,Completed,F_325,Madurai
331,Completed,F_326,Madurai
332,Completed,F_327,Madurai
333,Completed,F_328,Madurai
334,Completed,F_329,Madurai
335,Completed,F_330,Madurai
336,Completed,F_331,Madurai
337,Completed,F_332,Madurai
338,Completed,F_333,Madurai
339,Completed,F_334,Madurai
340,Completed,F_335,Madurai
341,Completed,F_336,Madurai
342,Completed,F_337,Madurai
343,Completed,F_338,Madurai
344,Completed,F_339,Madurai
345,Completed,F_340,Madurai
346,Completed,F_341,Madurai
347,Completed,F_342,Madurai
348,Completed,F_343,Madurai
349,Completed,F_344,Madurai
350,Completed,F_345,Madurai
351,Completed,F_346,Madurai
352,Completed,F_347,Madurai
353,Completed,F_348,Madurai
354,Completed,F_349,Madurai
355,Completed,F_350,Madurai
356,Completed,F_351,Madurai
357,Completed,F_352,Madurai
358,Completed,F_353,Madurai
359,Completed,F_354,Madurai
360,Completed,F_355,Madurai
361,Completed,F_356,Madurai
362,Completed,F_357,Madurai
363,Completed,F_358,Madurai
364,Completed,F_359,Madurai
365,Completed,F_360,Madurai
366,Completed,F_361,Madurai
367,Completed,F_362,Madurai
368,Completed,F_363,Madurai
369,Completed,F_364,Madurai
370,Completed,F_365,Madurai
371,Completed,F_366,Madurai
372,Completed,F_367,Madurai
373,Completed,F_368,Madurai
374,Completed,F_369,Madurai
375,Completed,F_370,Madurai
376,Completed,F_371,Madurai
377,Completed,F_372,Madurai
378,Completed,F_373,Madurai
379,Completed,F_374,Madurai
380,Completed,F_375,Madurai
381,Completed,F_376,Madurai
382,Completed,F_377,Madurai
383,Completed,F_378,Madurai
384,Completed,F_379,Madurai
385,Completed,F_380,Madurai
386,Completed,F_381,Madurai
387,Completed,F_382,Madurai
388,Completed,F_383,Madurai
389,Completed,F_384,Madurai
390,Completed,F_385,Madurai
391,Completed,F_386,Madurai
392,Completed,F_387,Madurai
393,Completed,F_388,Madurai
394,Completed,F_389,Madurai
395,Completed,F_390,Madurai
396,Completed,F_391,Madurai
397,Completed,F_392,Madurai
398,Completed,F_393,Madurai
399,Completed,F_394,Madurai
400,Completed,F_395,Madurai
401,Completed,F_396,Madurai
402,Completed,F_397,Madurai
403,Completed,F_398,Madurai
404,Completed,F_399,Madurai
405,Completed,F_400,Madurai
406,Completed,F_401,Madurai
407,Completed,F_402,Madurai
408,Completed,F_403,Madurai
409,Completed,F_404,Madurai
410,Completed,F_405,Madurai
411,Completed,F_406,Madurai
412,Completed,F_407,Madurai
413,Completed,F_408,Madurai
414,Completed,F_409,Madurai
415,Completed,F_410,Madurai
416,Completed,F_411,Madurai
417,Completed,F_412,Madurai
418,Completed,F_413,Madurai
419,Completed,F_414,Madurai
420,Completed,F_415,Bangalore
421,Completed,F_416,Bangalore
422,Completed,F_417,Bangalore
423,Completed,F_418,Bangalore
424,Completed,F_419,Bangalore
425,Completed,F_420,Bangalore
426,Completed,F_421,Bangalore
427,Completed,F_422,Bangalore
428,Completed,F_423,Bangalore
429,Completed,F_424,Bangalore
430,Completed,F_425,Bangalore
431,Completed,F_426,Bangalore
432,Completed,F_427,Bangalore
433,Completed,F_428,Bangalore
434,Completed,F_429,Bangalore
435,Completed,F_430,Bangalore
436,Completed,F_431,Bangalore
437,Completed,F_432,Bangalore
438,Completed,F_433,Bangalore
439,Completed,F_434,Bangalore
440,Completed,F_435,Bangalore
441,Completed,F_436,Bangalore
442,Completed,F_437,Bangalore
443,Completed,F_438,Bangalore
444,Completed,F_439,Bangalore
445,Completed,F_440,Bangalore
446,Completed,F_441,Bangalore
447,Completed,F_442,Bangalore
448,Completed,F_443,Bangalore
449,Completed,F_444,Bangalore
450,Completed,F_445,Bangalore
451,Completed,F_446,Bangalore
452,Completed,F_447,Bangalore
453,Completed,F_448,Bangalore
454,Completed,F_449,Bangalore
455,Completed,F_450,Bangalore
456,Completed,F_451,Bangalore
457,Completed,F_452,Bangalore
458,Completed,F_453,Bangalore
459,Completed,F_454,Bangalore
460,Completed,F_455,Bangalore
461,Completed,F_456,Bangalore
462,Completed,F_457,Bangalore
463,Completed,F_458,Bangalore
464,Completed,F_459,Bangalore
465,Completed,F_460,Bangalore
466,Completed,F_461,Bangalore
467,Completed,F_462,Bangalore
468,Completed,F_463,Bangalore
469,Completed,F_464,Bangalore
470,Completed,F_465,Bangalore
471,Completed,F_466,Bangalore
472,Completed,F_467,Bangalore
473,Completed,F_468,Bangalore
474,Completed,F_469,Bangalore
475,Completed,F_470,Bangalore
476,Completed,F_471,Bangalore
477,Completed,F_472,Bangalore
478,Completed,F_473,Bangalore
479,Completed,F_474,Bangalore
480,Completed,F_475,Bangalore
481,Completed,F_476,Bangalore
482,Completed,F_477,Bangalore
483,Completed,F_478,Bangalore
484,Completed,F_479,Bangalore
485,Completed,F_480,Bangalore
486,Completed,F_481,Bangalore
487,Completed,F_482,Bangalore
488,Completed,F_483,Bangalore
489,Completed,F_484,Bangalore
490,Completed,F_485,Bangalore
491,Completed,F_486,Bangalore
492,Completed,F_487,Bangalore
493,Completed,F_488,Bangalore
494,Completed,F_489,Bangalore
495,Completed,F_490,Bangalore
496,Completed,F_491,Bangalore
497,Completed,F_492,Bangalore
498,Completed,F_493,Bangalore
499,Completed,F_494,Bangalore
500,Completed,F_495,Bangalore
501,Completed,F_496,Bangalore
502,Completed,F_497,Bangalore
503,Completed,F_498,Bangalore
504,Completed,F_499,Bangalore
505,Completed,F_500,Bangalore
506,Completed,F_501,Bangalore
507,Completed,F_502,Bangalore
508,Completed,F_503,Bangalore
509,Completed,F_504,Bangalore
510,Completed,F_505,Bangalore
511,Completed,F_506,Bangalore
512,Completed,F_507,Bangalore
513,Completed,F_508,Bangalore
514,Completed,F_509,Bangalore
515,Completed,F_510,Bangalore
516,Completed,F_511,Bangalore
517,Completed,F_512,Bangalore
518,Completed,F_513,Bangalore
519,Completed,F_514,Bangalore
520,Completed,F_515,Bangalore
521,Completed,F_516,Bangalore
522,Completed,F_517,Bangalore
523,Completed,F_518,Bangalore
524,Completed,F_519,Bangalore
525,Completed,F_520,Bangalore
526,Completed,F_521,Bangalore
527,Completed,F_522,Bangalore
528,Completed,F_523,Bangalore
529,Completed,F_524,Bangalore
530,Completed,F_525,Bangalore
531,Completed,F_526,Bangalore
532,Completed,F_527,Bangalore
533,Completed,F_528,Bangalore
534,Completed,F_529,Bangalore
535,Completed,F_530,Bangalore
536,Completed,F_531,Bangalore
537,Completed,F_532,Bangalore
538,Completed,F_533,Bangalore
539,Completed,F_534,Bangalore
540,Completed,F_535,Bangalore
541,Completed,F_536,Bangalore
542,Completed,F_537,Bangalore
543,Completed,F_538,Bangalore
544,Completed,F_539,Bangalore
545,Completed,F_540,Bangalore
546,Completed,F_541,Bangalore
547,Completed,F_542,Bangalore
548,Completed,F_543,Bangalore
549,Completed,F_544,Bangalore
550,Completed,F_545,Bangalore
551,Completed,F_546,Bangalore
552,Completed,F_547,Bangalore
553,Completed,F_548,Bangalore
554,Completed,F_549,Bangalore
555,Completed,F_550,Bangalore
556,Completed,F_551,Bangalore
557,Completed,F_552,Bangalore
558,Completed,F_553,Bangalore
559,Completed,F_554,Bangalore
560,Completed,F_555,Bangalore
561,Completed,F_556,Bangalore
562,Completed,F_557,Bangalore
563,Completed,F_558,Bangalore
564,Completed,F_559,Bangalore
565,Completed,F_560,Bangalore
566,Completed,F_561,Bangalore
567,Completed,F_562,Bangalore
568,Completed,F_563,Bangalore
569,Completed,F_564,Bangalore
570,Completed,F_565,Bangalore
571,Completed,F_566,Bangalore
572,Completed,F_567,Bangalore
573,Completed,F_568,Bangalore
574,Completed,F_569,Bangalore
575,Completed,F_570,Bangalore
576,Completed,F_571,Bangalore
577,Completed,F_572,Bangalore
578,Completed,F_573,Bangalore
579,Completed,F_574,Bangalore
580,Completed,F_575,Bangalore
581,Completed,F_576,Bangalore
582,Completed,F_577,Bangalore
583,Completed,F_578,Bangalore
584,Completed,F_579,Bangalore
585,Completed,F_580,Bangalore
586,Completed,F_581,Bangalore
587,Completed,F_582,Bangalore
588,Completed,F_583,Bangalore
589,Completed,F_584,Bangalore
590,Completed,F_585,Bangalore
591,Completed,F_586,Bangalore
592,Completed,F_587,Bangalore
593,Completed,F_588,Bangalore
594,Completed,F_589,Bangalore
595,Completed,F_590,Bangalore
596,Completed,F_591,Bangalore
597,Completed,F_592,Bangalore
598,Completed,F_593,Bangalore
599,Completed,F_594,Bangalore
600,Completed,F_595,Bangalore
601,Completed,F_596,Bangalore
602,Completed,F_597,Bangalore
603,Completed,F_598,Bangalore
604,Completed,F_599,Bangalore
605,Completed,F_600,Bangalore
606,Completed,F_601,Bangalore
607,Completed,F_602,Bangalore
608,Completed,F_603,Bangalore
609,Completed,F_604,Bangalore
610,Completed,F_605,Bangalore
611,Completed,F_606,Bangalore
612,Completed,F_607,Bangalore
613,Completed,F_608,Bangalore
614,Completed,F_609,Bangalore
615,Completed,F_610,Bangalore
616,Completed,F_611,Bangalore
617,Completed,F_612,Bangalore
618,Completed,F_613,Bangalore
619,Completed,F_614,Bangalore
620,Completed,F_615,Bangalore
621,Completed,F_616,Bangalore
622,Completed,F_617,Bangalore
623,Completed,F_618,Bangalore
624,Completed,F_619,Bangalore
625,Completed,F_620,Bangalore
626,Completed,F_621,Bangalore
627,Completed,F_622,Bangalore
628,Completed,F_623,Bangalore
629,Completed,F_624,Bangalore
630,Completed,F_625,Bangalore
631,Completed,F_626,Bangalore
632,Completed,F_627,Bangalore
633,Completed,F_628,Bangalore
634,Completed,F_629,Bangalore
635,Completed,F_630,Bangalore
636,Completed,F_631,Bangalore
637,Completed,F_632,Bangalore
638,Completed,F_633,Bangalore
639,Completed,F_634,Bangalore
640,Completed,F_635,Bangalore
641,Completed,F_636,Bangalore
642,Completed,F_637,Bangalore
643,Completed,F_638,Bangalore
644,Completed,F_639,Bangalore
645,Completed,F_640,Bangalore
646,Completed,F_641,Bangalore
647,Completed,F_642,Bangalore
648,Completed,F_643,Bangalore
649,Completed,F_644,Bangalore
650,Completed,F_645,Bangalore
651,Completed,F_646,Bangalore
652,Completed,F_647,Bangalore
653,Completed,F_648,Bangalore
654,Completed,F_649,Bangalore
655,Completed,F_650,Bangalore
656,Completed,F_651,Bangalore
657,Completed,F_652,Bangalore
658,Completed,F_653,Bangalore
659,Completed,F_654,Bangalore
660,Completed,F_655,Bangalore
661,Completed,F_656,Bangalore
662,Completed,F_657,Bangalore
663,Completed,F_658,Bangalore
664,Completed,F_659,Bangalore
665,Completed,F_660,Bangalore
666,Completed,F_661,Bangalore
667,Completed,F_662,Bangalore
668,Completed,F_663,Bangalore
669,Completed,F_664,Bangalore
670,Completed,F_665,Bangalore
671,Completed,F_666,Bangalore
672,Completed,F_667,Bangalore
673,Completed,F_668,Bangalore
674,Completed,F_669,Bangalore
675,Completed,F_670,Bangalore
676,Completed,F_671,Bangalore
677,Completed,F_672,Bangalore
678,Completed,F_673,Bangalore
679,Completed,F_674,Bangalore
680,Completed,F_675,Bangalore
681,Completed,F_676,Bangalore
682,Completed,F_677,Bangalore
683,Completed,F_678,Bangalore
684,Completed,F_679,Bangalore
685,Completed,F_680,Bangalore
686,Completed,F_681,Bangalore
687,Completed,F_682,Bangalore
688,Completed,F_683,Bangalore
689,Completed,F_684,Bangalore
690,Completed,F_685,Bangalore
691,Completed,F_686,Bangalore
692,Completed,F_687,Bangalore
693,Completed,F_688,Ooty
694,Completed,F_689,Ooty
695,Completed,F_690,Ooty
696,Completed,F_691,Ooty
697,Completed,F_692,Ooty
698,Completed,F_693,Ooty
699,Completed,F_694,Ooty
700,Completed,F_695,Ooty
701,Completed,F_696,Ooty
702,Completed,F_697,Ooty
703,Completed,F_698,Ooty
704,Completed,F_699,Ooty
705,Completed,F_700,Ooty
706,Completed,F_701,Ooty
707,Completed,F_702,Ooty
708,Completed,F_703,Ooty
709,Completed,F_704,Ooty
710,Completed,F_705,Ooty
711,Completed,F_706,Ooty
712,Completed,F_707,Ooty
713,Completed,F_708,Ooty
714,Completed,F_709,Ooty
715,Completed,F_710,Ooty
716,Completed,F_711,Mysore
717,Completed,F_712,Mysore
718,Completed,F_713,Mysore
719,Completed,F_714,Mysore
720,Completed,F_715,Mysore
721,Completed,F_716,Mysore
722,Completed,F_717,Mysore
723,Completed,F_718,Mysore
724,Completed,F_719,Mysore
725,Completed,F_720,Mysore
726,Completed,F_721,Mysore
727,Completed,F_722,Mysore
728,Completed,F_723,Mysore
729,Completed,F_724,Mysore
730,Completed,F_725,Mysore
731,Completed,F_726,Mysore
732,Completed,F_727,Hyderabad
733,Completed,F_728,Hyderabad
734,Completed,F_729,Hyderabad
735,Completed,F_730,Hyderabad
736,Completed,F_731,Hyderabad
737,Completed,F_732,Hyderabad
738,Completed,F_733,Hyderabad
739,Completed,F_734,Hyderabad
740,Completed,F_735,Hyderabad
741,Completed,F_736,Hyderabad
742,Completed,F_737,Hyderabad
743,Completed,F_738,Hyderabad
744,Completed,F_739,Hyderabad
745,Completed,F_740,Hyderabad
746,Completed,F_741,Goa
747,Completed,F_742,Goa
748,Completed,F_743,Goa
749,Completed,F_744,Goa
750,Completed,F_745,Goa
751,Completed,F_746,Patna
752,Completed,F_747,Patna
753,Completed,F_748,Patna
754,Completed,F_749,Patna
755,Completed,F_750,Patna
756,Completed,F_751,Patna
757,Completed,F_752,Cuttak
758,Completed,F_753,Cuttak
759,Completed,F_754,Cuttak
760,Completed,F_755,Cuttak
761,Completed,F_756,Cuttak
762,Completed,F_757,Cuttak
763,Completed,F_758,Cuttak
764,Completed,F_759,Cuttak
765,Completed,F_760,Srinagar
766,Completed,F_761,Srinagar
767,Completed,F_762,Srinagar
768,Completed,F_763,Srinagar
769,Completed,F_764,Srinagar
770,Completed,F_765,Srinagar
771,Completed,F_766,Cochin
772,Completed,F_767,Cochin
773,Completed,F_768,Cochin
774,Completed,F_769,Cochin
775,Completed,F_770,Cochin
776,Completed,F_771,Cochin
777,Completed,F_772,Cochin
778,Completed,F_773,Cochin
779,Completed,F_774,Cochin
780,Completed,F_775,Cochin
781,Completed,F_776,Cochin
782,Completed,F_777,Cochin
783,Completed,F_778,Jaffna
784,Completed,F_779,Jaffna
785,Completed,F_780,Jaffna
786,Completed,F_781,Jaffna
787,Completed,F_782,Jaffna
788,Completed,F_783,Jaffna
789,Completed,F_784,Jaffna
790,Completed,F_785,Jaffna
791,Completed,F_786,Ranchi
792,Completed,F_787,Ranchi
793,Completed,F_788,Ranchi
794,Completed,F_789,Ranchi
795,Completed,F_790,Hoogly
796,Completed,F_791,Hoogly
797,Completed,F_792,Hoogly
798,Completed,F_793,Hoogly
799,Completed,F_794,Hoogly
800,Completed,F_795,Hoogly
801,Completed,F_796,Hoogly
802,Completed,F_797,Delhi
803,Completed,F_798,Delhi
804,Completed,F_799,Delhi
805,Completed,F_800,Indore
806,Completed,F_801,Indore
807,Completed,F_802,Indore
808,Completed,F_803,Indore
809,Completed,F_804,Bombay
810,Completed,F_805,Bombay
811,Completed,F_806,Bombay
812,Completed,F_807,Calcutta
813,Completed,F_808,Calcutta
